4.5914e+05,7.5242e+06
4.6159e+05,7.549e+06
4.6204e+05,7.5493e+06
4.6204e+05,7.5493e+06
4.6213e+05,7.5494e+06
4.622e+05,7.5474e+06
4.6224e+05,7.5473e+06
4.641e+05,7.541e+06
4.6411e+05,7.541e+06
4.642e+05,7.541e+06
4.642e+05,7.541e+06
4.6429e+05,7.5394e+06
4.6431e+05,7.5394e+06
4.6431e+05,7.5393e+06
4.6433e+05,7.5393e+06
4.6434e+05,7.5394e+06
4.6435e+05,7.5392e+06
4.6435e+05,7.5394e+06
4.6436e+05,7.5395e+06
4.6438e+05,7.5393e+06
4.6438e+05,7.5394e+06
4.6441e+05,7.5395e+06
4.6441e+05,7.5392e+06
4.6441e+05,7.5394e+06
4.6443e+05,7.5395e+06
4.6444e+05,7.5393e+06
4.6445e+05,7.5395e+06
4.6446e+05,7.5394e+06
4.6447e+05,7.5411e+06
4.6447e+05,7.5393e+06
4.6447e+05,7.5411e+06
4.6447e+05,7.5394e+06
4.6447e+05,7.5411e+06
4.6448e+05,7.5411e+06
4.6448e+05,7.5411e+06
4.6448e+05,7.5411e+06
4.6449e+05,7.5411e+06
4.6449e+05,7.5411e+06
4.6449e+05,7.5411e+06
4.6449e+05,7.5411e+06
4.6449e+05,7.5393e+06
4.6449e+05,7.5411e+06
4.6449e+05,7.5411e+06
4.645e+05,7.5411e+06
4.645e+05,7.5411e+06
4.645e+05,7.5411e+06
4.645e+05,7.5411e+06
4.645e+05,7.5411e+06
4.645e+05,7.5411e+06
4.645e+05,7.5394e+06
4.645e+05,7.5411e+06
4.645e+05,7.5411e+06
4.645e+05,7.5411e+06
4.6451e+05,7.541e+06
4.6451e+05,7.5411e+06
4.6451e+05,7.5411e+06
4.6451e+05,7.5393e+06
4.6451e+05,7.5411e+06
4.6451e+05,7.5411e+06
4.6451e+05,7.5411e+06
4.6451e+05,7.5411e+06
4.6451e+05,7.541e+06
4.6451e+05,7.5411e+06
4.6451e+05,7.5411e+06
4.6452e+05,7.5411e+06
4.6452e+05,7.5411e+06
4.6452e+05,7.5411e+06
4.6452e+05,7.5411e+06
4.6452e+05,7.5411e+06
4.6452e+05,7.541e+06
4.6452e+05,7.541e+06
4.6452e+05,7.5411e+06
4.6452e+05,7.5411e+06
4.6452e+05,7.5411e+06
4.6452e+05,7.5411e+06
4.6453e+05,7.5411e+06
4.6453e+05,7.541e+06
4.6453e+05,7.5411e+06
4.6453e+05,7.541e+06
4.6453e+05,7.5411e+06
4.6453e+05,7.5411e+06
4.6453e+05,7.5411e+06
4.6453e+05,7.5411e+06
4.6453e+05,7.5411e+06
4.6453e+05,7.5393e+06
4.6453e+05,7.5411e+06
4.6453e+05,7.5411e+06
4.6453e+05,7.541e+06
4.6453e+05,7.5411e+06
4.6453e+05,7.541e+06
4.6453e+05,7.5412e+06
4.6453e+05,7.541e+06
4.6454e+05,7.5411e+06
4.6454e+05,7.5411e+06
4.6454e+05,7.5411e+06
4.6454e+05,7.5411e+06
4.6454e+05,7.5411e+06
4.6454e+05,7.541e+06
4.6454e+05,7.5411e+06
4.6454e+05,7.541e+06
4.6454e+05,7.5411e+06
4.6454e+05,7.5411e+06
4.6454e+05,7.541e+06
4.6454e+05,7.5412e+06
4.6454e+05,7.5411e+06
4.6454e+05,7.5411e+06
4.6454e+05,7.5411e+06
4.6455e+05,7.5411e+06
4.6455e+05,7.541e+06
4.6455e+05,7.5411e+06
4.6455e+05,7.541e+06
4.6455e+05,7.5411e+06
4.6455e+05,7.541e+06
4.6455e+05,7.5411e+06
4.6455e+05,7.541e+06
4.6455e+05,7.5411e+06
4.6455e+05,7.5411e+06
4.6455e+05,7.5411e+06
4.6455e+05,7.5411e+06
4.6455e+05,7.541e+06
4.6455e+05,7.5411e+06
4.6455e+05,7.541e+06
4.6455e+05,7.5411e+06
4.6455e+05,7.541e+06
4.6456e+05,7.5411e+06
4.6456e+05,7.541e+06
4.6456e+05,7.541e+06
4.6456e+05,7.5411e+06
4.6456e+05,7.5411e+06
4.6456e+05,7.5411e+06
4.6456e+05,7.541e+06
4.6456e+05,7.5411e+06
4.6456e+05,7.541e+06
4.6456e+05,7.5411e+06
4.6456e+05,7.541e+06
4.6456e+05,7.5411e+06
4.6456e+05,7.541e+06
4.6456e+05,7.5411e+06
4.6456e+05,7.5411e+06
4.6457e+05,7.5411e+06
4.6457e+05,7.5411e+06
4.6457e+05,7.5411e+06
4.6457e+05,7.541e+06
4.6457e+05,7.5411e+06
4.6457e+05,7.541e+06
4.6457e+05,7.541e+06
4.6457e+05,7.541e+06
4.6457e+05,7.5411e+06
4.6457e+05,7.5411e+06
4.6457e+05,7.5411e+06
4.6457e+05,7.5411e+06
4.6457e+05,7.541e+06
4.6458e+05,7.5411e+06
4.6458e+05,7.541e+06
4.6458e+05,7.541e+06
4.6458e+05,7.5411e+06
4.6458e+05,7.5411e+06
4.6458e+05,7.5411e+06
4.6458e+05,7.5411e+06
4.6458e+05,7.5411e+06
4.6458e+05,7.541e+06
4.6458e+05,7.541e+06
4.6458e+05,7.541e+06
4.6459e+05,7.5411e+06
4.6459e+05,7.5411e+06
4.6459e+05,7.5411e+06
4.6459e+05,7.5411e+06
4.6459e+05,7.541e+06
4.6459e+05,7.541e+06
4.6459e+05,7.5411e+06
4.6459e+05,7.5411e+06
4.6459e+05,7.5411e+06
4.6459e+05,7.5411e+06
4.646e+05,7.541e+06
4.646e+05,7.541e+06
4.646e+05,7.5411e+06
4.646e+05,7.5411e+06
4.646e+05,7.5411e+06
4.646e+05,7.541e+06
4.6461e+05,7.5411e+06
4.6461e+05,7.5411e+06
4.6461e+05,7.5411e+06
4.6461e+05,7.541e+06
4.6461e+05,7.5411e+06
4.6461e+05,7.5411e+06
4.6462e+05,7.5411e+06
4.6462e+05,7.5411e+06
4.6463e+05,7.5411e+06
4.6504e+05,7.5466e+06
4.6504e+05,7.5466e+06
4.6529e+05,7.5393e+06
4.6538e+05,7.5298e+06
4.6538e+05,7.5298e+06
4.6538e+05,7.5298e+06
4.6539e+05,7.5298e+06
4.6539e+05,7.53e+06
4.6539e+05,7.53e+06
4.654e+05,7.53e+06
4.654e+05,7.53e+06
4.654e+05,7.53e+06
4.654e+05,7.5298e+06
4.654e+05,7.53e+06
4.654e+05,7.53e+06
4.654e+05,7.5298e+06
4.654e+05,7.5298e+06
4.6541e+05,7.5298e+06
4.6543e+05,7.5299e+06
4.6543e+05,7.5299e+06
4.6543e+05,7.5299e+06
4.6543e+05,7.5298e+06
4.6543e+05,7.5299e+06
4.6544e+05,7.5299e+06
4.6545e+05,7.53e+06
4.6545e+05,7.53e+06
4.6545e+05,7.53e+06
4.6547e+05,7.53e+06
4.6548e+05,7.53e+06
4.6548e+05,7.53e+06
4.6548e+05,7.5301e+06
4.6548e+05,7.53e+06
4.6549e+05,7.53e+06
4.6549e+05,7.53e+06
4.6549e+05,7.53e+06
4.6549e+05,7.53e+06
4.6549e+05,7.5299e+06
4.6549e+05,7.53e+06
4.6549e+05,7.5299e+06
4.655e+05,7.53e+06
4.655e+05,7.53e+06
4.655e+05,7.5299e+06
4.655e+05,7.5299e+06
4.655e+05,7.53e+06
4.655e+05,7.5299e+06
4.655e+05,7.5299e+06
4.6551e+05,7.53e+06
4.6551e+05,7.53e+06
4.6551e+05,7.53e+06
4.6551e+05,7.5299e+06
4.6551e+05,7.5299e+06
4.6551e+05,7.53e+06
4.6551e+05,7.53e+06
4.6551e+05,7.5299e+06
4.6551e+05,7.5299e+06
4.6552e+05,7.53e+06
4.6552e+05,7.53e+06
4.6552e+05,7.53e+06
4.6552e+05,7.5299e+06
4.6552e+05,7.5299e+06
4.6552e+05,7.5299e+06
4.6552e+05,7.53e+06
4.6552e+05,7.53e+06
4.6552e+05,7.5299e+06
4.6552e+05,7.5299e+06
4.6553e+05,7.53e+06
4.6553e+05,7.53e+06
4.6553e+05,7.53e+06
4.6553e+05,7.5299e+06
4.6553e+05,7.5299e+06
4.6553e+05,7.5299e+06
4.6553e+05,7.5301e+06
4.6553e+05,7.53e+06
4.6553e+05,7.53e+06
4.6553e+05,7.5299e+06
4.6554e+05,7.53e+06
4.6554e+05,7.53e+06
4.6554e+05,7.53e+06
4.6554e+05,7.5299e+06
4.6554e+05,7.5299e+06
4.6554e+05,7.5299e+06
4.6554e+05,7.53e+06
4.6554e+05,7.53e+06
4.6554e+05,7.5299e+06
4.6554e+05,7.5299e+06
4.6554e+05,7.53e+06
4.6554e+05,7.5301e+06
4.6554e+05,7.53e+06
4.6554e+05,7.53e+06
4.6554e+05,7.5299e+06
4.6554e+05,7.5299e+06
4.6554e+05,7.5299e+06
4.6555e+05,7.53e+06
4.6555e+05,7.5299e+06
4.6555e+05,7.53e+06
4.6555e+05,7.5299e+06
4.6555e+05,7.53e+06
4.6555e+05,7.53e+06
4.6555e+05,7.5299e+06
4.6555e+05,7.5299e+06
4.6556e+05,7.53e+06
4.6556e+05,7.5299e+06
4.6556e+05,7.5299e+06
4.6556e+05,7.53e+06
4.6556e+05,7.5299e+06
4.6556e+05,7.5299e+06
4.6557e+05,7.5299e+06
4.6557e+05,7.5299e+06
4.6557e+05,7.5299e+06
4.6557e+05,7.5299e+06
4.6558e+05,7.5299e+06
4.6558e+05,7.5351e+06
4.6558e+05,7.5299e+06
4.6558e+05,7.5301e+06
4.6558e+05,7.53e+06
4.6558e+05,7.5301e+06
4.6559e+05,7.5301e+06
4.6559e+05,7.53e+06
4.6559e+05,7.5301e+06
4.6559e+05,7.5301e+06
4.6559e+05,7.5301e+06
4.6559e+05,7.53e+06
4.6559e+05,7.53e+06
4.6559e+05,7.53e+06
4.6559e+05,7.53e+06
4.6559e+05,7.53e+06
4.6559e+05,7.53e+06
4.656e+05,7.53e+06
4.656e+05,7.53e+06
4.656e+05,7.53e+06
4.656e+05,7.53e+06
4.656e+05,7.53e+06
4.656e+05,7.53e+06
4.656e+05,7.53e+06
4.656e+05,7.53e+06
4.656e+05,7.5301e+06
4.6561e+05,7.5301e+06
4.6561e+05,7.5301e+06
4.6561e+05,7.53e+06
4.6561e+05,7.53e+06
4.6561e+05,7.53e+06
4.6561e+05,7.53e+06
4.6561e+05,7.53e+06
4.6561e+05,7.53e+06
4.6561e+05,7.53e+06
4.6562e+05,7.53e+06
4.6567e+05,7.5298e+06
4.6567e+05,7.5298e+06
4.6567e+05,7.5298e+06
4.6567e+05,7.5298e+06
4.6567e+05,7.5298e+06
4.6567e+05,7.5298e+06
4.6567e+05,7.5298e+06
4.6568e+05,7.5298e+06
4.6568e+05,7.5298e+06
4.6568e+05,7.5298e+06
4.6568e+05,7.5298e+06
4.6568e+05,7.5299e+06
4.6568e+05,7.5299e+06
4.6568e+05,7.5299e+06
4.6569e+05,7.5299e+06
4.6569e+05,7.5299e+06
4.6569e+05,7.5299e+06
4.6569e+05,7.5299e+06
4.6569e+05,7.5299e+06
4.6569e+05,7.5299e+06
4.6569e+05,7.5299e+06
4.6572e+05,7.5298e+06
4.6572e+05,7.5298e+06
4.6572e+05,7.5298e+06
4.6572e+05,7.5298e+06
4.6573e+05,7.5298e+06
4.6594e+05,7.5302e+06
4.6594e+05,7.5302e+06
4.6594e+05,7.5302e+06
4.6594e+05,7.5303e+06
4.6594e+05,7.5302e+06
4.6594e+05,7.5302e+06
4.6594e+05,7.5303e+06
4.6594e+05,7.5302e+06
4.6594e+05,7.5303e+06
4.6594e+05,7.5302e+06
4.6595e+05,7.5302e+06
4.6595e+05,7.5302e+06
4.6596e+05,7.5303e+06
4.6596e+05,7.5303e+06
4.6596e+05,7.5303e+06
4.6596e+05,7.5303e+06
4.6597e+05,7.5303e+06
4.6597e+05,7.5303e+06
4.662e+05,7.5293e+06
4.662e+05,7.5294e+06
4.6625e+05,7.5504e+06
4.6632e+05,7.5294e+06
4.6632e+05,7.5294e+06
4.6633e+05,7.5294e+06
4.6633e+05,7.5293e+06
4.6633e+05,7.5293e+06
4.6633e+05,7.5294e+06
4.6634e+05,7.5293e+06
4.6634e+05,7.5294e+06
4.6634e+05,7.5293e+06
4.6634e+05,7.5294e+06
4.6634e+05,7.4892e+06
4.6634e+05,7.5293e+06
4.6634e+05,7.5293e+06
4.6635e+05,7.5294e+06
4.6635e+05,7.5293e+06
4.6635e+05,7.5293e+06
4.6635e+05,7.5293e+06
4.6635e+05,7.5293e+06
4.6635e+05,7.5293e+06
4.6635e+05,7.5294e+06
4.6635e+05,7.5293e+06
4.6636e+05,7.5293e+06
4.6636e+05,7.5294e+06
4.6636e+05,7.5293e+06
4.6636e+05,7.5302e+06
4.6636e+05,7.5293e+06
4.6636e+05,7.5302e+06
4.6636e+05,7.5302e+06
4.6636e+05,7.5302e+06
4.6636e+05,7.5302e+06
4.6636e+05,7.5302e+06
4.6636e+05,7.5294e+06
4.6636e+05,7.5302e+06
4.6636e+05,7.5302e+06
4.6636e+05,7.5302e+06
4.6636e+05,7.5302e+06
4.6636e+05,7.5293e+06
4.6636e+05,7.5293e+06
4.6636e+05,7.5302e+06
4.6636e+05,7.5302e+06
4.6636e+05,7.5302e+06
4.6636e+05,7.5302e+06
4.6636e+05,7.5302e+06
4.6636e+05,7.5302e+06
4.6637e+05,7.5302e+06
4.6637e+05,7.5293e+06
4.6637e+05,7.5302e+06
4.6637e+05,7.5302e+06
4.6637e+05,7.5294e+06
4.6637e+05,7.5293e+06
4.6637e+05,7.5293e+06
4.6637e+05,7.5293e+06
4.6637e+05,7.5293e+06
4.6637e+05,7.5293e+06
4.6637e+05,7.5294e+06
4.6637e+05,7.5293e+06
4.6638e+05,7.5294e+06
4.6638e+05,7.5293e+06
4.6638e+05,7.5293e+06
4.6638e+05,7.5294e+06
4.6638e+05,7.5293e+06
4.6638e+05,7.5293e+06
4.6638e+05,7.5302e+06
4.6639e+05,7.5294e+06
4.6639e+05,7.5294e+06
4.6639e+05,7.5293e+06
4.6639e+05,7.5302e+06
4.6639e+05,7.5293e+06
4.6639e+05,7.5293e+06
4.6639e+05,7.5302e+06
4.6639e+05,7.5294e+06
4.6639e+05,7.5293e+06
4.6639e+05,7.5293e+06
4.6639e+05,7.5294e+06
4.6639e+05,7.5293e+06
4.664e+05,7.5293e+06
4.664e+05,7.5294e+06
4.664e+05,7.5293e+06
4.664e+05,7.5293e+06
4.664e+05,7.5294e+06
4.6641e+05,7.5294e+06
4.6641e+05,7.5293e+06
4.6641e+05,7.5293e+06
4.6641e+05,7.5293e+06
4.6641e+05,7.5294e+06
4.6641e+05,7.5293e+06
4.6641e+05,7.5293e+06
4.6641e+05,7.5294e+06
4.6641e+05,7.5293e+06
4.6642e+05,7.5293e+06
4.6642e+05,7.5294e+06
4.6642e+05,7.5294e+06
4.6642e+05,7.5293e+06
4.6642e+05,7.5294e+06
4.6643e+05,7.5293e+06
4.6643e+05,7.5293e+06
4.6643e+05,7.5294e+06
4.6643e+05,7.5293e+06
4.6643e+05,7.5293e+06
4.6643e+05,7.5293e+06
4.6643e+05,7.5293e+06
4.6644e+05,7.5293e+06
4.6644e+05,7.5293e+06
4.6684e+05,7.5286e+06
4.669e+05,7.5286e+06
4.6695e+05,7.5476e+06
4.7032e+05,7.5245e+06
4.7038e+05,7.512e+06
4.7049e+05,7.525e+06
4.7057e+05,7.5243e+06
4.708e+05,7.5253e+06
4.7095e+05,7.5235e+06
4.7099e+05,7.523e+06
4.7102e+05,7.524e+06
4.7103e+05,7.5227e+06
4.7125e+05,7.5255e+06
4.713e+05,7.5241e+06
4.7134e+05,7.5232e+06
4.7149e+05,7.5227e+06
4.7175e+05,7.5256e+06
4.7176e+05,7.5242e+06
4.7183e+05,7.5164e+06
4.7188e+05,7.5234e+06
4.7209e+05,7.5272e+06
4.7211e+05,7.5277e+06
4.7225e+05,7.526e+06
4.7227e+05,7.5243e+06
4.7235e+05,7.5235e+06
4.7237e+05,7.5269e+06
4.7249e+05,7.5263e+06
4.7262e+05,7.5265e+06
4.727e+05,7.524e+06
4.7274e+05,7.5236e+06
4.7278e+05,7.5266e+06
4.7303e+05,7.5236e+06
4.7312e+05,7.527e+06
4.7313e+05,7.5428e+06
4.7318e+05,7.5423e+06
4.7319e+05,7.5432e+06
4.7334e+05,7.5266e+06
4.7339e+05,7.5418e+06
4.734e+05,7.5274e+06
4.7342e+05,7.5437e+06
4.7352e+05,7.5235e+06
4.736e+05,7.5397e+06
4.7365e+05,7.5462e+06
4.7365e+05,7.5441e+06
4.7367e+05,7.5415e+06
4.7367e+05,7.5234e+06
4.7376e+05,7.5278e+06
4.7379e+05,7.5401e+06
4.7385e+05,7.5406e+06
4.7393e+05,7.5436e+06
4.7398e+05,7.5445e+06
4.74e+05,7.5395e+06
4.7401e+05,7.5411e+06
4.7404e+05,7.5236e+06
4.7412e+05,7.5461e+06
4.7421e+05,7.528e+06
4.7422e+05,7.5407e+06
4.7427e+05,7.5433e+06
4.7433e+05,7.5428e+06
4.7437e+05,7.5447e+06
4.7443e+05,7.5402e+06
4.7445e+05,7.546e+06
4.7446e+05,7.5412e+06
4.7448e+05,7.5393e+06
4.7449e+05,7.5163e+06
4.7455e+05,7.5397e+06
4.746e+05,7.5281e+06
4.7463e+05,7.5347e+06
4.7463e+05,7.5342e+06
4.7464e+05,7.5332e+06
4.7464e+05,7.5337e+06
4.7464e+05,7.5327e+06
4.7466e+05,7.5392e+06
4.7469e+05,7.5451e+06
4.7471e+05,7.5425e+06
4.7472e+05,7.5381e+06
4.7473e+05,7.5435e+06
4.7477e+05,7.5461e+06
4.7477e+05,7.5388e+06
4.7478e+05,7.5352e+06
4.7479e+05,7.5408e+06
4.7481e+05,7.5322e+06
4.7482e+05,7.5456e+06
4.7483e+05,7.5392e+06
4.7499e+05,7.5465e+06
4.7503e+05,7.5318e+06
4.7504e+05,7.5383e+06
4.7505e+05,7.5356e+06
4.7511e+05,7.5425e+06
4.7514e+05,7.5434e+06
4.7521e+05,7.5283e+06
4.7527e+05,7.5393e+06
4.7527e+05,7.5379e+06
4.7528e+05,7.5313e+06
4.7529e+05,7.5468e+06
4.7533e+05,7.536e+06
4.754e+05,7.5407e+06
4.7547e+05,7.5365e+06
4.7551e+05,7.5309e+06
4.7551e+05,7.5374e+06
4.7554e+05,7.5369e+06
4.7554e+05,7.5397e+06
4.7555e+05,7.5426e+06
4.7567e+05,7.5284e+06
4.7574e+05,7.5423e+06
4.7574e+05,7.5423e+06
4.7574e+05,7.5305e+06
4.7579e+05,7.5404e+06
4.7593e+05,7.54e+06
4.7599e+05,7.53e+06
4.7615e+05,7.5285e+06
4.7622e+05,7.5296e+06
4.7626e+05,7.525e+06
4.7636e+05,7.5291e+06
4.7669e+05,7.4971e+06
4.7684e+05,7.5286e+06
4.7689e+05,7.497e+06
4.7727e+05,7.5286e+06
4.7749e+05,7.5143e+06
4.7778e+05,7.5285e+06
4.7814e+05,7.5281e+06
4.7824e+05,7.5276e+06
4.7845e+05,7.5264e+06
4.7849e+05,7.5326e+06
4.7851e+05,7.5272e+06
4.7871e+05,7.5405e+06
4.7874e+05,7.5394e+06
4.7875e+05,7.5268e+06
4.788e+05,7.5389e+06
4.7886e+05,7.5324e+06
4.7886e+05,7.5323e+06
4.7886e+05,7.5323e+06
4.7887e+05,7.5323e+06
4.7888e+05,7.5324e+06
4.7888e+05,7.5324e+06
4.7888e+05,7.5323e+06
4.7888e+05,7.5323e+06
4.7889e+05,7.5323e+06
4.7889e+05,7.5323e+06
4.7891e+05,7.5323e+06
4.7891e+05,7.5323e+06
4.7891e+05,7.5323e+06
4.7891e+05,7.5323e+06
4.7891e+05,7.5323e+06
4.7891e+05,7.5323e+06
4.7893e+05,7.5323e+06
4.7893e+05,7.5323e+06
4.7893e+05,7.5323e+06
4.7893e+05,7.5323e+06
4.7893e+05,7.5323e+06
4.7905e+05,7.5397e+06
4.7914e+05,7.5285e+06
4.7914e+05,7.5386e+06
4.7915e+05,7.5405e+06
4.7923e+05,7.5267e+06
4.7928e+05,7.5393e+06
4.794e+05,7.5401e+06
4.7944e+05,7.5388e+06
4.7957e+05,7.5284e+06
4.7964e+05,7.5385e+06
4.797e+05,7.5268e+06
4.7999e+05,7.5381e+06
4.8004e+05,7.5569e+06
4.8018e+05,7.5268e+06
4.8018e+05,7.5392e+06
4.802e+05,7.5366e+06
4.8022e+05,7.4896e+06
4.8024e+05,7.55e+06
4.8032e+05,7.5382e+06
4.8033e+05,7.5382e+06
4.8038e+05,7.5418e+06
4.8043e+05,7.5322e+06
4.8044e+05,7.5545e+06
4.8058e+05,7.5265e+06
4.8076e+05,7.532e+06
4.8079e+05,7.5261e+06
4.8081e+05,7.5279e+06
4.8089e+05,7.5349e+06
4.8103e+05,7.5233e+06
4.8104e+05,7.515e+06
4.8112e+05,7.5258e+06
4.8119e+05,7.4946e+06
4.8133e+05,7.5279e+06
4.8134e+05,7.503e+06
4.8136e+05,7.4949e+06
4.8139e+05,7.5458e+06
4.8146e+05,7.5256e+06
4.8146e+05,7.5254e+06
4.8152e+05,7.5235e+06
4.8153e+05,7.5278e+06
4.8158e+05,7.5249e+06
4.8164e+05,7.5354e+06
4.8166e+05,7.5245e+06
4.8176e+05,7.5278e+06
4.8186e+05,7.5238e+06
4.8192e+05,7.5256e+06
4.8197e+05,7.5241e+06
4.8203e+05,7.5563e+06
4.8203e+05,7.5527e+06
4.8205e+05,7.5275e+06
4.8212e+05,7.4946e+06
4.823e+05,7.526e+06
4.8231e+05,7.4933e+06
4.8233e+05,7.4932e+06
4.8236e+05,7.5348e+06
4.8236e+05,7.5348e+06
4.8243e+05,7.5272e+06
4.8244e+05,7.5241e+06
4.8248e+05,7.5321e+06
4.8249e+05,7.5463e+06
4.8268e+05,7.5263e+06
4.827e+05,7.5344e+06
4.8279e+05,7.5269e+06
4.8288e+05,7.5263e+06
4.8302e+05,7.5358e+06
4.8305e+05,7.5386e+06
4.8306e+05,7.5381e+06
4.8307e+05,7.5362e+06
4.8308e+05,7.5305e+06
4.8308e+05,7.5337e+06
4.8309e+05,7.5242e+06
4.8313e+05,7.5511e+06
4.8315e+05,7.5335e+06
4.8316e+05,7.5332e+06
4.8318e+05,7.5265e+06
4.8318e+05,7.5266e+06
4.8319e+05,7.5342e+06
4.8319e+05,7.5344e+06
4.8326e+05,7.5239e+06
4.833e+05,7.5367e+06
4.8331e+05,7.5353e+06
4.8332e+05,7.5353e+06
4.8333e+05,7.5262e+06
4.8333e+05,7.5304e+06
4.8353e+05,7.5304e+06
4.8353e+05,7.5357e+06
4.8358e+05,7.5254e+06
4.8359e+05,7.524e+06
4.8362e+05,7.5243e+06
4.8362e+05,7.5266e+06
4.8362e+05,7.5436e+06
4.8366e+05,7.5258e+06
4.8367e+05,7.5236e+06
4.8368e+05,7.5249e+06
4.8373e+05,7.5436e+06
4.8378e+05,7.5241e+06
4.84e+05,7.5246e+06
4.8413e+05,7.5266e+06
4.8418e+05,7.5296e+06
4.8419e+05,7.5292e+06
4.8421e+05,7.5359e+06
4.843e+05,7.5243e+06
4.8456e+05,7.5264e+06
4.8458e+05,7.5536e+06
4.8463e+05,7.5275e+06
4.8464e+05,7.5275e+06
4.8465e+05,7.5243e+06
4.8467e+05,7.5275e+06
4.8467e+05,7.5275e+06
4.8467e+05,7.5274e+06
4.8467e+05,7.5274e+06
4.8467e+05,7.5274e+06
4.8467e+05,7.5274e+06
4.8467e+05,7.5274e+06
4.8467e+05,7.5274e+06
4.8467e+05,7.5274e+06
4.8467e+05,7.5274e+06
4.8467e+05,7.5274e+06
4.8468e+05,7.5357e+06
4.8468e+05,7.5275e+06
4.8468e+05,7.5275e+06
4.8468e+05,7.5274e+06
4.8468e+05,7.5274e+06
4.8468e+05,7.5274e+06
4.8468e+05,7.5274e+06
4.8468e+05,7.5274e+06
4.8468e+05,7.5274e+06
4.8468e+05,7.5274e+06
4.8468e+05,7.5274e+06
4.8468e+05,7.5274e+06
4.8469e+05,7.5275e+06
4.8469e+05,7.5275e+06
4.8469e+05,7.5274e+06
4.8469e+05,7.5274e+06
4.8469e+05,7.5274e+06
4.8469e+05,7.5274e+06
4.8469e+05,7.5274e+06
4.8469e+05,7.5274e+06
4.8469e+05,7.5274e+06
4.8469e+05,7.5274e+06
4.8469e+05,7.5274e+06
4.847e+05,7.5275e+06
4.847e+05,7.5275e+06
4.847e+05,7.5274e+06
4.847e+05,7.5274e+06
4.847e+05,7.5274e+06
4.847e+05,7.5274e+06
4.847e+05,7.5274e+06
4.847e+05,7.5274e+06
4.847e+05,7.5274e+06
4.847e+05,7.5274e+06
4.847e+05,7.5274e+06
4.8471e+05,7.5275e+06
4.8471e+05,7.5275e+06
4.8471e+05,7.5274e+06
4.8471e+05,7.5274e+06
4.8471e+05,7.5274e+06
4.8471e+05,7.5274e+06
4.8471e+05,7.5274e+06
4.8471e+05,7.5274e+06
4.8471e+05,7.5274e+06
4.8471e+05,7.5274e+06
4.8471e+05,7.5274e+06
4.8472e+05,7.5275e+06
4.8472e+05,7.5275e+06
4.8472e+05,7.5274e+06
4.8472e+05,7.5274e+06
4.8472e+05,7.5274e+06
4.8472e+05,7.5274e+06
4.8472e+05,7.5274e+06
4.8472e+05,7.5274e+06
4.8472e+05,7.5274e+06
4.8472e+05,7.5274e+06
4.8472e+05,7.5274e+06
4.8473e+05,7.5275e+06
4.8473e+05,7.5275e+06
4.8473e+05,7.5274e+06
4.8473e+05,7.5274e+06
4.8473e+05,7.5274e+06
4.8473e+05,7.5274e+06
4.8473e+05,7.5274e+06
4.8473e+05,7.5274e+06
4.8473e+05,7.5274e+06
4.8473e+05,7.5274e+06
4.8473e+05,7.5274e+06
4.8474e+05,7.5274e+06
4.8474e+05,7.5274e+06
4.8474e+05,7.5274e+06
4.8474e+05,7.5274e+06
4.8474e+05,7.5274e+06
4.8474e+05,7.5274e+06
4.8474e+05,7.5274e+06
4.8474e+05,7.5274e+06
4.8474e+05,7.5274e+06
4.8475e+05,7.5274e+06
4.8475e+05,7.5274e+06
4.8475e+05,7.5274e+06
4.8475e+05,7.5274e+06
4.8475e+05,7.5274e+06
4.8475e+05,7.5274e+06
4.8475e+05,7.5274e+06
4.8476e+05,7.5274e+06
4.8476e+05,7.5274e+06
4.8476e+05,7.5274e+06
4.8476e+05,7.5274e+06
4.8476e+05,7.5274e+06
4.8476e+05,7.5274e+06
4.8476e+05,7.5274e+06
4.8477e+05,7.5274e+06
4.8477e+05,7.5274e+06
4.8477e+05,7.5274e+06
4.8477e+05,7.5274e+06
4.8477e+05,7.5274e+06
4.8477e+05,7.5274e+06
4.8492e+05,7.526e+06
4.8498e+05,7.556e+06
4.8501e+05,7.5354e+06
4.8534e+05,7.5258e+06
4.8535e+05,7.5368e+06
4.8541e+05,7.4903e+06
4.855e+05,7.5355e+06
4.855e+05,7.5266e+06
4.8582e+05,7.5258e+06
4.8584e+05,7.5352e+06
4.8612e+05,7.5256e+06
4.8618e+05,7.5349e+06
4.8618e+05,7.5524e+06
4.8632e+05,7.5259e+06
4.8638e+05,7.5371e+06
4.8651e+05,7.4932e+06
4.8668e+05,7.4927e+06
4.8669e+05,7.5256e+06
4.8673e+05,7.5547e+06
4.8675e+05,7.5409e+06
4.8701e+05,7.5255e+06
4.8702e+05,7.5255e+06
4.8702e+05,7.5255e+06
4.8702e+05,7.5255e+06
4.8702e+05,7.5255e+06
4.8702e+05,7.5255e+06
4.8702e+05,7.5255e+06
4.8702e+05,7.5255e+06
4.8703e+05,7.5255e+06
4.8703e+05,7.5255e+06
4.8703e+05,7.5255e+06
4.8703e+05,7.5255e+06
4.8703e+05,7.5255e+06
4.8703e+05,7.5116e+06
4.8703e+05,7.5255e+06
4.8704e+05,7.5255e+06
4.8704e+05,7.5255e+06
4.8704e+05,7.5255e+06
4.8704e+05,7.5255e+06
4.8704e+05,7.5255e+06
4.8705e+05,7.5255e+06
4.8705e+05,7.5255e+06
4.8705e+05,7.5255e+06
4.8705e+05,7.5255e+06
4.8705e+05,7.5255e+06
4.8706e+05,7.5255e+06
4.8706e+05,7.5255e+06
4.8706e+05,7.5255e+06
4.8706e+05,7.5255e+06
4.8706e+05,7.5255e+06
4.8706e+05,7.5254e+06
4.8707e+05,7.5255e+06
4.8707e+05,7.5255e+06
4.8707e+05,7.5255e+06
4.8707e+05,7.5255e+06
4.8707e+05,7.5255e+06
4.8707e+05,7.5254e+06
4.8708e+05,7.5255e+06
4.8708e+05,7.5255e+06
4.8708e+05,7.5255e+06
4.8708e+05,7.5255e+06
4.8708e+05,7.5255e+06
4.8708e+05,7.5254e+06
4.8709e+05,7.5255e+06
4.8709e+05,7.5255e+06
4.8709e+05,7.5255e+06
4.8709e+05,7.5255e+06
4.8709e+05,7.5255e+06
4.8709e+05,7.5254e+06
4.871e+05,7.5255e+06
4.871e+05,7.5255e+06
4.871e+05,7.5255e+06
4.871e+05,7.5255e+06
4.871e+05,7.5255e+06
4.871e+05,7.5254e+06
4.8711e+05,7.5255e+06
4.8711e+05,7.5255e+06
4.8711e+05,7.5255e+06
4.8711e+05,7.5255e+06
4.8711e+05,7.5255e+06
4.8711e+05,7.5255e+06
4.8712e+05,7.5255e+06
4.8712e+05,7.5255e+06
4.8712e+05,7.5255e+06
4.8712e+05,7.5255e+06
4.8712e+05,7.5255e+06
4.8712e+05,7.5255e+06
4.8714e+05,7.5254e+06
4.8717e+05,7.5254e+06
4.8727e+05,7.5422e+06
4.8753e+05,7.5247e+06
4.876e+05,7.5265e+06
4.8763e+05,7.5361e+06
4.8773e+05,7.4984e+06
4.879e+05,7.5545e+06
4.8803e+05,7.5366e+06
4.8808e+05,7.5495e+06
4.8814e+05,7.503e+06
4.8828e+05,7.553e+06
4.8844e+05,7.5268e+06
4.8853e+05,7.5295e+06
4.8877e+05,7.5012e+06
4.888e+05,7.5259e+06
4.8907e+05,7.5258e+06
4.8913e+05,7.5268e+06
4.8952e+05,7.5268e+06
4.8969e+05,7.5046e+06
4.8993e+05,7.5384e+06
4.8995e+05,7.5026e+06
4.8998e+05,7.5381e+06
4.9001e+05,7.5265e+06
4.9001e+05,7.5035e+06
4.9039e+05,7.5364e+06
4.904e+05,7.5263e+06
4.9043e+05,7.5536e+06
4.9048e+05,7.5288e+06
4.9053e+05,7.5294e+06
4.9054e+05,7.5006e+06
4.9064e+05,7.5054e+06
4.9073e+05,7.5479e+06
4.9083e+05,7.5251e+06
4.909e+05,7.5261e+06
4.9101e+05,7.5035e+06
4.9108e+05,7.5013e+06
4.9125e+05,7.4915e+06
4.9131e+05,7.5031e+06
4.9133e+05,7.5261e+06
4.9133e+05,7.5281e+06
4.9138e+05,7.551e+06
4.9145e+05,7.5023e+06
4.9148e+05,7.5487e+06
4.9149e+05,7.5403e+06
4.9167e+05,7.4906e+06
4.9181e+05,7.5261e+06
4.9193e+05,7.5375e+06
4.9215e+05,7.539e+06
4.9219e+05,7.5026e+06
4.9222e+05,7.5025e+06
4.9226e+05,7.5083e+06
4.9227e+05,7.5083e+06
4.9228e+05,7.5538e+06
4.9231e+05,7.5261e+06
4.9263e+05,7.5241e+06
4.9278e+05,7.5233e+06
4.9283e+05,7.5279e+06
4.9287e+05,7.5261e+06
4.9291e+05,7.5037e+06
4.9293e+05,7.5385e+06
4.9298e+05,7.4939e+06
4.9301e+05,7.5388e+06
4.9302e+05,7.5388e+06
4.9302e+05,7.5388e+06
4.9302e+05,7.5388e+06
4.9303e+05,7.5387e+06
4.9303e+05,7.5387e+06
4.9303e+05,7.5388e+06
4.9303e+05,7.5387e+06
4.9303e+05,7.5388e+06
4.9303e+05,7.5387e+06
4.9303e+05,7.5388e+06
4.9303e+05,7.5387e+06
4.9304e+05,7.5388e+06
4.9304e+05,7.5387e+06
4.9304e+05,7.5387e+06
4.9304e+05,7.5387e+06
4.9304e+05,7.5388e+06
4.9304e+05,7.5387e+06
4.9304e+05,7.5387e+06
4.9304e+05,7.5388e+06
4.9304e+05,7.5387e+06
4.9304e+05,7.5388e+06
4.9304e+05,7.5387e+06
4.9305e+05,7.5388e+06
4.9305e+05,7.5387e+06
4.9305e+05,7.5387e+06
4.9305e+05,7.5387e+06
4.9305e+05,7.5388e+06
4.9305e+05,7.5387e+06
4.9305e+05,7.5387e+06
4.9305e+05,7.5388e+06
4.9305e+05,7.5387e+06
4.9305e+05,7.5388e+06
4.9305e+05,7.5387e+06
4.9306e+05,7.5388e+06
4.9306e+05,7.5387e+06
4.9306e+05,7.5387e+06
4.9306e+05,7.5387e+06
4.9306e+05,7.5388e+06
4.9306e+05,7.5387e+06
4.9306e+05,7.5388e+06
4.9306e+05,7.5387e+06
4.9306e+05,7.5387e+06
4.9306e+05,7.5388e+06
4.9306e+05,7.5387e+06
4.9307e+05,7.5388e+06
4.9307e+05,7.5387e+06
4.9307e+05,7.5387e+06
4.9307e+05,7.5387e+06
4.9307e+05,7.5388e+06
4.9307e+05,7.5387e+06
4.9307e+05,7.5387e+06
4.9307e+05,7.5388e+06
4.9307e+05,7.5387e+06
4.9307e+05,7.5388e+06
4.9307e+05,7.5387e+06
4.9307e+05,7.5388e+06
4.9308e+05,7.5387e+06
4.9308e+05,7.5388e+06
4.9308e+05,7.5387e+06
4.9308e+05,7.5388e+06
4.9308e+05,7.5387e+06
4.9308e+05,7.5387e+06
4.9308e+05,7.5388e+06
4.9308e+05,7.5387e+06
4.9308e+05,7.5388e+06
4.9308e+05,7.5387e+06
4.9308e+05,7.5388e+06
4.9309e+05,7.5387e+06
4.9309e+05,7.5388e+06
4.9309e+05,7.5387e+06
4.9309e+05,7.5388e+06
4.9309e+05,7.5387e+06
4.9309e+05,7.5387e+06
4.9309e+05,7.5388e+06
4.9309e+05,7.5388e+06
4.9309e+05,7.5387e+06
4.9309e+05,7.5388e+06
4.9309e+05,7.5387e+06
4.9309e+05,7.5388e+06
4.931e+05,7.5387e+06
4.931e+05,7.5388e+06
4.931e+05,7.5388e+06
4.931e+05,7.5387e+06
4.931e+05,7.5387e+06
4.931e+05,7.5387e+06
4.931e+05,7.5388e+06
4.931e+05,7.5387e+06
4.931e+05,7.5388e+06
4.931e+05,7.5387e+06
4.931e+05,7.5388e+06
4.931e+05,7.5387e+06
4.9311e+05,7.5388e+06
4.9311e+05,7.5387e+06
4.9311e+05,7.5388e+06
4.9311e+05,7.5388e+06
4.9311e+05,7.5387e+06
4.9311e+05,7.5387e+06
4.9311e+05,7.5388e+06
4.9311e+05,7.5387e+06
4.9311e+05,7.5388e+06
4.9311e+05,7.5387e+06
4.9311e+05,7.5388e+06
4.9311e+05,7.5387e+06
4.9312e+05,7.5388e+06
4.9312e+05,7.5387e+06
4.9312e+05,7.5388e+06
4.9312e+05,7.5387e+06
4.9312e+05,7.5387e+06
4.9312e+05,7.5388e+06
4.9312e+05,7.5387e+06
4.9312e+05,7.5388e+06
4.9312e+05,7.5387e+06
4.9312e+05,7.5388e+06
4.9312e+05,7.5387e+06
4.9313e+05,7.5388e+06
4.9313e+05,7.5387e+06
4.9313e+05,7.5388e+06
4.9313e+05,7.5387e+06
4.9313e+05,7.5387e+06
4.9313e+05,7.5384e+06
4.9313e+05,7.5387e+06
4.9313e+05,7.5387e+06
4.9314e+05,7.5387e+06
4.9314e+05,7.5387e+06
4.9321e+05,7.5034e+06
4.9331e+05,7.4941e+06
4.9338e+05,7.5261e+06
4.9343e+05,7.5298e+06
4.9345e+05,7.5437e+06
4.9373e+05,7.5519e+06
4.9379e+05,7.4988e+06
4.9384e+05,7.5434e+06
4.9391e+05,7.5259e+06
4.9394e+05,7.4977e+06
4.94e+05,7.5539e+06
4.9418e+05,7.5093e+06
4.942e+05,7.5431e+06
4.9427e+05,7.5344e+06
4.9427e+05,7.5344e+06
4.9427e+05,7.5344e+06
4.9427e+05,7.5344e+06
4.9427e+05,7.5344e+06
4.9427e+05,7.5344e+06
4.9427e+05,7.5344e+06
4.9427e+05,7.5344e+06
4.9427e+05,7.5344e+06
4.9427e+05,7.5344e+06
4.9428e+05,7.5344e+06
4.9428e+05,7.5344e+06
4.9428e+05,7.5344e+06
4.9428e+05,7.5344e+06
4.9428e+05,7.5344e+06
4.9428e+05,7.5344e+06
4.9428e+05,7.5344e+06
4.9428e+05,7.5344e+06
4.9429e+05,7.5344e+06
4.9429e+05,7.5344e+06
4.9429e+05,7.5344e+06
4.9429e+05,7.5344e+06
4.9429e+05,7.5344e+06
4.9429e+05,7.5344e+06
4.9429e+05,7.5344e+06
4.9429e+05,7.5344e+06
4.9429e+05,7.5344e+06
4.943e+05,7.5344e+06
4.943e+05,7.5344e+06
4.943e+05,7.5344e+06
4.943e+05,7.5344e+06
4.943e+05,7.5344e+06
4.943e+05,7.5344e+06
4.943e+05,7.5344e+06
4.943e+05,7.5344e+06
4.9431e+05,7.5344e+06
4.9431e+05,7.5344e+06
4.9431e+05,7.5345e+06
4.9431e+05,7.5344e+06
4.9431e+05,7.5344e+06
4.9431e+05,7.5345e+06
4.9431e+05,7.5345e+06
4.9431e+05,7.5345e+06
4.9432e+05,7.5345e+06
4.9432e+05,7.5345e+06
4.9432e+05,7.5345e+06
4.9432e+05,7.5345e+06
4.9432e+05,7.5345e+06
4.9432e+05,7.5345e+06
4.9433e+05,7.5345e+06
4.9433e+05,7.5301e+06
4.9433e+05,7.5052e+06
4.9433e+05,7.5345e+06
4.9433e+05,7.5345e+06
4.9433e+05,7.5345e+06
4.9433e+05,7.5345e+06
4.9433e+05,7.5345e+06
4.9434e+05,7.5345e+06
4.9434e+05,7.5345e+06
4.9435e+05,7.5345e+06
4.9435e+05,7.5345e+06
4.9435e+05,7.5345e+06
4.9435e+05,7.5345e+06
4.9435e+05,7.5345e+06
4.9435e+05,7.5345e+06
4.9436e+05,7.5345e+06
4.9436e+05,7.5345e+06
4.9436e+05,7.5345e+06
4.9436e+05,7.5345e+06
4.9436e+05,7.5345e+06
4.9436e+05,7.5345e+06
4.9442e+05,7.5212e+06
4.9443e+05,7.4986e+06
4.9444e+05,7.5214e+06
4.9452e+05,7.5255e+06
4.9463e+05,7.5369e+06
4.9469e+05,7.5049e+06
4.9474e+05,7.5207e+06
4.9486e+05,7.5309e+06
4.9501e+05,7.5364e+06
4.9501e+05,7.5363e+06
4.9503e+05,7.5032e+06
4.9505e+05,7.4973e+06
4.9506e+05,7.5254e+06
4.9507e+05,7.5026e+06
4.9507e+05,7.5024e+06
4.9508e+05,7.4972e+06
4.9508e+05,7.5365e+06
4.9509e+05,7.5364e+06
4.9509e+05,7.5365e+06
4.9509e+05,7.5365e+06
4.951e+05,7.5365e+06
4.951e+05,7.5365e+06
4.951e+05,7.5365e+06
4.951e+05,7.5365e+06
4.951e+05,7.5365e+06
4.9511e+05,7.5365e+06
4.9511e+05,7.5365e+06
4.9511e+05,7.5365e+06
4.9511e+05,7.5365e+06
4.9511e+05,7.5365e+06
4.9511e+05,7.5365e+06
4.9511e+05,7.5365e+06
4.9512e+05,7.5366e+06
4.9512e+05,7.5365e+06
4.9512e+05,7.5365e+06
4.9512e+05,7.5365e+06
4.9512e+05,7.5365e+06
4.9512e+05,7.5365e+06
4.9512e+05,7.5366e+06
4.9512e+05,7.5365e+06
4.9513e+05,7.5365e+06
4.9513e+05,7.5365e+06
4.9513e+05,7.5365e+06
4.9513e+05,7.5365e+06
4.9513e+05,7.5366e+06
4.9513e+05,7.5365e+06
4.9513e+05,7.5048e+06
4.9513e+05,7.5366e+06
4.9513e+05,7.5365e+06
4.9513e+05,7.5365e+06
4.9513e+05,7.5365e+06
4.9513e+05,7.5365e+06
4.9514e+05,7.5366e+06
4.9514e+05,7.5365e+06
4.9514e+05,7.5366e+06
4.9514e+05,7.5365e+06
4.9514e+05,7.5365e+06
4.9514e+05,7.5365e+06
4.9514e+05,7.5365e+06
4.9514e+05,7.5365e+06
4.9514e+05,7.5365e+06
4.9514e+05,7.5366e+06
4.9514e+05,7.5365e+06
4.9514e+05,7.5366e+06
4.9514e+05,7.5365e+06
4.9515e+05,7.5365e+06
4.9515e+05,7.5365e+06
4.9515e+05,7.5365e+06
4.9515e+05,7.5365e+06
4.9515e+05,7.5365e+06
4.9515e+05,7.5366e+06
4.9515e+05,7.5365e+06
4.9515e+05,7.5365e+06
4.9515e+05,7.5365e+06
4.9515e+05,7.5365e+06
4.9515e+05,7.5365e+06
4.9516e+05,7.5365e+06
4.9516e+05,7.5365e+06
4.9516e+05,7.5365e+06
4.9516e+05,7.5366e+06
4.9516e+05,7.5365e+06
4.9516e+05,7.5365e+06
4.9516e+05,7.5365e+06
4.9516e+05,7.5365e+06
4.9516e+05,7.5365e+06
4.9516e+05,7.5365e+06
4.9516e+05,7.5365e+06
4.9516e+05,7.5083e+06
4.9517e+05,7.5365e+06
4.9517e+05,7.5365e+06
4.9517e+05,7.5365e+06
4.9517e+05,7.5365e+06
4.9517e+05,7.5365e+06
4.9517e+05,7.5365e+06
4.9517e+05,7.5365e+06
4.9517e+05,7.5365e+06
4.9517e+05,7.5365e+06
4.9518e+05,7.5365e+06
4.9518e+05,7.5365e+06
4.9518e+05,7.5365e+06
4.9518e+05,7.5365e+06
4.9518e+05,7.5365e+06
4.9518e+05,7.5365e+06
4.9518e+05,7.5365e+06
4.9518e+05,7.5365e+06
4.9519e+05,7.5365e+06
4.9519e+05,7.5365e+06
4.9519e+05,7.5365e+06
4.9519e+05,7.5365e+06
4.9519e+05,7.5365e+06
4.952e+05,7.5365e+06
4.952e+05,7.5365e+06
4.952e+05,7.5365e+06
4.952e+05,7.5365e+06
4.9521e+05,7.5365e+06
4.9521e+05,7.5365e+06
4.9523e+05,7.5365e+06
4.9524e+05,7.5364e+06
4.9524e+05,7.5363e+06
4.9524e+05,7.542e+06
4.9525e+05,7.5363e+06
4.9538e+05,7.4967e+06
4.9546e+05,7.4958e+06
4.9553e+05,7.5417e+06
4.956e+05,7.5253e+06
4.9573e+05,7.5039e+06
4.9582e+05,7.5088e+06
4.9583e+05,7.5088e+06
4.9583e+05,7.5089e+06
4.9583e+05,7.5088e+06
4.9584e+05,7.5088e+06
4.9584e+05,7.5088e+06
4.9584e+05,7.5089e+06
4.9584e+05,7.5088e+06
4.9584e+05,7.5089e+06
4.9584e+05,7.5088e+06
4.9585e+05,7.5088e+06
4.9585e+05,7.5089e+06
4.9585e+05,7.5088e+06
4.9585e+05,7.5089e+06
4.9585e+05,7.5089e+06
4.9585e+05,7.5088e+06
4.9585e+05,7.5089e+06
4.9585e+05,7.5088e+06
4.9586e+05,7.5089e+06
4.9586e+05,7.5088e+06
4.9586e+05,7.5089e+06
4.9586e+05,7.5088e+06
4.9586e+05,7.5088e+06
4.9586e+05,7.4919e+06
4.9586e+05,7.5089e+06
4.9586e+05,7.5089e+06
4.9586e+05,7.5088e+06
4.9587e+05,7.5089e+06
4.9587e+05,7.5089e+06
4.9587e+05,7.5088e+06
4.9587e+05,7.5089e+06
4.9587e+05,7.5088e+06
4.9587e+05,7.5088e+06
4.9587e+05,7.5089e+06
4.9587e+05,7.5089e+06
4.9587e+05,7.5088e+06
4.9587e+05,7.5089e+06
4.9587e+05,7.5089e+06
4.9587e+05,7.5088e+06
4.9587e+05,7.5088e+06
4.9588e+05,7.5089e+06
4.9588e+05,7.5089e+06
4.9588e+05,7.5088e+06
4.9588e+05,7.5088e+06
4.9588e+05,7.5089e+06
4.9588e+05,7.5089e+06
4.9588e+05,7.5088e+06
4.9588e+05,7.5089e+06
4.9588e+05,7.5089e+06
4.9588e+05,7.5088e+06
4.9588e+05,7.5088e+06
4.9588e+05,7.5089e+06
4.9588e+05,7.5089e+06
4.9588e+05,7.5088e+06
4.9588e+05,7.5088e+06
4.9589e+05,7.5089e+06
4.9589e+05,7.5088e+06
4.9589e+05,7.5088e+06
4.9589e+05,7.5089e+06
4.9589e+05,7.5089e+06
4.9589e+05,7.5088e+06
4.9589e+05,7.5088e+06
4.9589e+05,7.5089e+06
4.9589e+05,7.5089e+06
4.9589e+05,7.5088e+06
4.9589e+05,7.5088e+06
4.959e+05,7.5089e+06
4.959e+05,7.5088e+06
4.959e+05,7.5088e+06
4.959e+05,7.5089e+06
4.959e+05,7.5089e+06
4.959e+05,7.5088e+06
4.959e+05,7.5088e+06
4.959e+05,7.5089e+06
4.959e+05,7.5089e+06
4.959e+05,7.5088e+06
4.959e+05,7.5089e+06
4.959e+05,7.5088e+06
4.959e+05,7.5088e+06
4.9591e+05,7.5089e+06
4.9591e+05,7.5089e+06
4.9591e+05,7.5088e+06
4.9591e+05,7.5089e+06
4.9591e+05,7.5088e+06
4.9591e+05,7.5088e+06
4.9591e+05,7.5089e+06
4.9591e+05,7.5088e+06
4.9591e+05,7.5089e+06
4.9591e+05,7.5089e+06
4.9591e+05,7.5088e+06
4.9592e+05,7.5089e+06
4.9592e+05,7.5088e+06
4.9592e+05,7.5088e+06
4.9592e+05,7.5089e+06
4.9592e+05,7.5088e+06
4.9592e+05,7.5089e+06
4.9592e+05,7.5088e+06
4.9593e+05,7.5089e+06
4.9593e+05,7.5088e+06
4.9593e+05,7.5088e+06
4.9593e+05,7.5089e+06
4.9593e+05,7.5088e+06
4.9593e+05,7.5089e+06
4.9593e+05,7.5088e+06
4.9594e+05,7.5089e+06
4.9594e+05,7.5089e+06
4.9594e+05,7.5088e+06
4.9595e+05,7.5089e+06
4.9596e+05,7.5414e+06
4.9596e+05,7.5089e+06
4.9605e+05,7.5253e+06
4.9607e+05,7.5091e+06
4.9607e+05,7.509e+06
4.9609e+05,7.5089e+06
4.9621e+05,7.5433e+06
4.9623e+05,7.5382e+06
4.9633e+05,7.5372e+06
4.9638e+05,7.5359e+06
4.9639e+05,7.5413e+06
4.9642e+05,7.5359e+06
4.9644e+05,7.5359e+06
4.9644e+05,7.5251e+06
4.9658e+05,7.5487e+06
4.9663e+05,7.5528e+06
4.9674e+05,7.5409e+06
4.9678e+05,7.5186e+06
4.9688e+05,7.537e+06
4.969e+05,7.5176e+06
4.9695e+05,7.493e+06
4.9695e+05,7.5171e+06
4.9701e+05,7.5249e+06
4.9705e+05,7.5405e+06
4.9727e+05,7.5401e+06
4.9732e+05,7.5252e+06
4.9734e+05,7.5466e+06
4.9737e+05,7.5256e+06
4.9744e+05,7.5145e+06
4.9745e+05,7.5125e+06
4.9745e+05,7.5105e+06
4.9754e+05,7.5276e+06
4.9755e+05,7.5261e+06
4.9759e+05,7.5271e+06
4.976e+05,7.5397e+06
4.9769e+05,7.5266e+06
4.9773e+05,7.5557e+06
4.9773e+05,7.528e+06
4.9786e+05,7.5159e+06
4.9794e+05,7.5394e+06
4.98e+05,7.5284e+06
4.981e+05,7.5321e+06
4.9813e+05,7.5343e+06
4.982e+05,7.5288e+06
4.9825e+05,7.5389e+06
4.9833e+05,7.5094e+06
4.9834e+05,7.5292e+06
4.9835e+05,7.5317e+06
4.9847e+05,7.5091e+06
4.9848e+05,7.5094e+06
4.9848e+05,7.5298e+06
4.9851e+05,7.5312e+06
4.986e+05,7.5302e+06
4.9863e+05,7.5092e+06
4.9863e+05,7.5421e+06
4.9864e+05,7.5307e+06
4.9865e+05,7.5093e+06
4.9867e+05,7.539e+06
4.9868e+05,7.5092e+06
4.987e+05,7.5093e+06
4.987e+05,7.5454e+06
4.9871e+05,7.5089e+06
4.9871e+05,7.5092e+06
4.9873e+05,7.5092e+06
4.9873e+05,7.5097e+06
4.9873e+05,7.5095e+06
4.9873e+05,7.5091e+06
4.9877e+05,7.5091e+06
4.9882e+05,7.5082e+06
4.9883e+05,7.5294e+06
4.9893e+05,7.5077e+06
4.9903e+05,7.5344e+06
4.9911e+05,7.4989e+06
4.9912e+05,7.5077e+06
4.9913e+05,7.5533e+06
4.9918e+05,7.5337e+06
4.994e+05,7.5081e+06
4.9944e+05,7.5366e+06
4.9958e+05,7.5338e+06
4.9967e+05,7.5367e+06
5.0003e+05,7.5148e+06
5.0015e+05,7.5111e+06
5.0015e+05,7.5111e+06
5.0019e+05,7.5477e+06
5.0021e+05,7.5111e+06
5.0035e+05,7.5546e+06
5.0047e+05,7.5496e+06
5.0059e+05,7.5342e+06
5.0061e+05,7.5506e+06
5.0064e+05,7.5108e+06
5.0084e+05,7.5053e+06
5.0087e+05,7.5565e+06
5.0147e+05,7.5558e+06
5.0157e+05,7.5032e+06
5.0168e+05,7.5047e+06
5.0223e+05,7.5477e+06
5.0237e+05,7.5531e+06
5.0238e+05,7.5306e+06
5.0251e+05,7.5509e+06
5.0255e+05,7.5094e+06
5.0279e+05,7.5113e+06
5.0296e+05,7.5085e+06
5.0301e+05,7.5085e+06
5.0304e+05,7.5086e+06
5.0314e+05,7.5009e+06
5.0327e+05,7.5109e+06
5.0349e+05,7.5001e+06
5.0355e+05,7.5523e+06
5.0385e+05,7.5553e+06
5.0403e+05,7.5502e+06
5.044e+05,7.5084e+06
5.0457e+05,7.5072e+06
5.0457e+05,7.5069e+06
5.0457e+05,7.5071e+06
5.0473e+05,7.4992e+06
5.0485e+05,7.5023e+06
5.0493e+05,7.5e+06
5.052e+05,7.5118e+06
5.0576e+05,7.5149e+06
5.0587e+05,7.5508e+06
5.0637e+05,7.5114e+06
5.0637e+05,7.5003e+06
5.0661e+05,7.5313e+06
5.0698e+05,7.5101e+06
5.0718e+05,7.5109e+06
5.0722e+05,7.5104e+06
5.073e+05,7.5012e+06
5.0733e+05,7.5011e+06
5.0765e+05,7.5526e+06
5.0765e+05,7.5526e+06
5.0765e+05,7.5526e+06
5.0765e+05,7.5526e+06
5.0766e+05,7.5525e+06
5.0766e+05,7.5526e+06
5.0766e+05,7.5526e+06
5.0766e+05,7.5526e+06
5.0766e+05,7.5525e+06
5.0767e+05,7.5525e+06
5.0767e+05,7.5525e+06
5.0767e+05,7.5526e+06
5.0767e+05,7.5525e+06
5.0767e+05,7.5526e+06
5.0767e+05,7.5526e+06
5.0767e+05,7.5525e+06
5.0768e+05,7.5526e+06
5.0768e+05,7.5525e+06
5.0768e+05,7.5525e+06
5.0768e+05,7.5526e+06
5.0768e+05,7.5525e+06
5.0768e+05,7.5525e+06
5.0768e+05,7.5526e+06
5.0768e+05,7.5526e+06
5.0768e+05,7.5525e+06
5.0769e+05,7.5526e+06
5.0769e+05,7.5525e+06
5.0769e+05,7.5525e+06
5.0769e+05,7.5526e+06
5.0769e+05,7.5525e+06
5.0769e+05,7.5525e+06
5.0769e+05,7.5525e+06
5.0769e+05,7.5526e+06
5.0769e+05,7.5526e+06
5.0769e+05,7.5525e+06
5.0769e+05,7.5526e+06
5.0769e+05,7.5526e+06
5.0769e+05,7.5525e+06
5.0769e+05,7.5525e+06
5.0769e+05,7.5525e+06
5.077e+05,7.5525e+06
5.077e+05,7.5525e+06
5.077e+05,7.5525e+06
5.077e+05,7.5526e+06
5.077e+05,7.5526e+06
5.077e+05,7.5526e+06
5.077e+05,7.5526e+06
5.077e+05,7.5526e+06
5.077e+05,7.5525e+06
5.077e+05,7.5525e+06
5.077e+05,7.5525e+06
5.0771e+05,7.5526e+06
5.0771e+05,7.5525e+06
5.0771e+05,7.5525e+06
5.0771e+05,7.5525e+06
5.0771e+05,7.5526e+06
5.0771e+05,7.5526e+06
5.0771e+05,7.5526e+06
5.0771e+05,7.5526e+06
5.0771e+05,7.5526e+06
5.0771e+05,7.5525e+06
5.0771e+05,7.5525e+06
5.0771e+05,7.5525e+06
5.0772e+05,7.5525e+06
5.0772e+05,7.5525e+06
5.0772e+05,7.5525e+06
5.0772e+05,7.5526e+06
5.0772e+05,7.5526e+06
5.0772e+05,7.5526e+06
5.0772e+05,7.5526e+06
5.0772e+05,7.5526e+06
5.0772e+05,7.5526e+06
5.0772e+05,7.5525e+06
5.0772e+05,7.5525e+06
5.0773e+05,7.5525e+06
5.0773e+05,7.5525e+06
5.0773e+05,7.5525e+06
5.0773e+05,7.5526e+06
5.0773e+05,7.5526e+06
5.0773e+05,7.5526e+06
5.0773e+05,7.5526e+06
5.0773e+05,7.5525e+06
5.0773e+05,7.5525e+06
5.0773e+05,7.5525e+06
5.0773e+05,7.5525e+06
5.0773e+05,7.5525e+06
5.0774e+05,7.5526e+06
5.0774e+05,7.5526e+06
5.0774e+05,7.5525e+06
5.0774e+05,7.5525e+06
5.0774e+05,7.5526e+06
5.0774e+05,7.5525e+06
5.0774e+05,7.5525e+06
5.0775e+05,7.5525e+06
5.0775e+05,7.5525e+06
5.0775e+05,7.5525e+06
5.0775e+05,7.5525e+06
5.0776e+05,7.5525e+06
5.0776e+05,7.5525e+06
5.079e+05,7.5524e+06
5.0794e+05,7.5518e+06
5.0794e+05,7.5518e+06
5.0804e+05,7.5497e+06
5.0832e+05,7.5012e+06
5.0842e+05,7.5479e+06
5.087e+05,7.5015e+06
5.0877e+05,7.5566e+06
5.0911e+05,7.5075e+06
5.0911e+05,7.5039e+06
5.0936e+05,7.5119e+06
5.0937e+05,7.5132e+06
5.0982e+05,7.4998e+06
5.0992e+05,7.549e+06
5.107e+05,7.5489e+06
5.1108e+05,7.5485e+06
5.1163e+05,7.5492e+06
5.1252e+05,7.5475e+06
5.1376e+05,7.5502e+06
5.1384e+05,7.5471e+06
5.1492e+05,7.556e+06
5.1499e+05,7.5555e+06
5.15e+05,7.5563e+06
5.1512e+05,7.5564e+06
